{
    "$schema": "https://schema.management.azure.com/schemas/2015-01-01/deploymentParameters.json#",
    "contentVersion": "1.0.0.0",
    "parameters": {
        "administratorLogin": {
            "value": "mgadmin"
        },
        "administratorLoginPassword": {
            "value": null
        },
        "location": {
            "value": "eastus"
        },
        "managedInstanceName": {
            "value": "mgsqlmi"
        },
        "deployInExistingSubnet": {
            "value": false
        },
        "skuName": {
            "value": "GP_Gen5"
        },
        "skuEdition": {
            "value": "GeneralPurpose"
        },
        "storageSizeInGB": {
            "value": 128
        },
        "vCores": {
            "value": 4
        },
        "licenseType": {
            "value": "LicenseIncluded"
        },
        "hardwareFamily": {
            "value": "Gen5"
        },
        "dnsZonePartner": {
            "value": ""
        },
        "collation": {
            "value": "SQL_Latin1_General_CP1_CI_AS"
        },
        "proxyOverride": {
            "value": "Proxy"
        },
        "minimalTlsVersion": {
            "value": "1.2"
        },
        "publicDataEndpointEnabled": {
            "value": true
        },
        "timezoneId": {
            "value": "Eastern Standard Time"
        },
        "nsgForPublicEndpoint": {
            "value": "allowFromInternetTo3342NSG"
        },
        "managedInstanceTags": {
            "value": {}
        },
        "storageAccountType": {
            "value": "GRS"
        },
        "zoneRedundant": {
            "value": false
        },
        "maintenanceConfigurationId": {
            "value": "/subscriptions/f7d0cfcb-65b9-4f1c-8c9d-f8f993e4722a/providers/Microsoft.Maintenance/publicMaintenanceConfigurations/SQL_Default"
        }
    }
}